sampling.point,analyser,Messstelle_or_MPVPosition
1,CRDS9,1
2,CRDS9,2
3,CRDS9,3
4,CRDS9,4
5,CRDS9,5
6,CRDS9,6
7,CRDS9,7
8,CRDS9,8
9,CRDS9,9
10,CRDS9,10
11,CRDS9,11
12,CRDS9,12
13,CRDS9,13
14,CRDS9,14
15,CRDS9,15
16,CRDS9,16
17,FTIR2,1
18,FTIR2,2
19,FTIR2,3
20,FTIR2,4
21,FTIR2,5
22,FTIR2,6
23,FTIR2,7
24,FTIR2,8
25,FTIR2,9
26,FTIR2,10
27,CRDS8,1
28,CRDS8,2
29,CRDS8,3
30,CRDS8,4
31,CRDS8,5
32,CRDS8,6
33,CRDS8,7
34,CRDS8,8
35,CRDS8,9
36,CRDS8,10
37,CRDS8,11
38,CRDS8,12
39,CRDS8,13
40,CRDS8,14
41,CRDS8,15
42,CRDS8,16
43,FTIR1,1
44,FTIR1,2
45,FTIR1,3
46,FTIR1,4
47,FTIR1,5
48,FTIR1,6
49,FTIR1,7
50,FTIR1,8
51,FTIR1,9
s,FTIR1,10
