parameter,symbol,description,required_unit,temporal_resolution,measured_or_default,proposed_data_source,recommended_default,uncertainty,applicable_equation,authoritative_source,page_table_equation,notes
inside animal count,N,"Animals physically inside control volume",animals,"event/15-min then hourly time-weighted",measured,animal/cooling records,none,"count and state-age error","LU; PCO2",VERA 2018,p.28 Table 9,"Likely available campaigns 3-4"
mean live mass,m,"Category mean live mass",kg animal-1,"category-period",measured preferred,herd records,"650 kg milking cow only if justified","farm SD or sensitivity","heat; LU",VERA 2018,"pp.51-52 Annex H",default is not cow=LU
milk yield,Y1,"Daily milk production",kg cow-1 d-1,daily/period,measured,milk records,none,"measurement and within-herd variation",heat,VERA 2018,p.52 Annex H,required for milking cows
pregnancy day,p,"Days pregnant",d,"cow/category-period",measured,herd records,"160 d milking cow VERA spreadsheet default","distribution/sensitivity",heat,VERA 2018,"pp.51-52 Annex H",default separately identified
inside temperature,ti,"Barn air temperature",degree C,5-min/hourly,measured,climate data,none,sensor accuracy,temperature factor,VERA 2018,p.52 Annex H,"Likely available"
pressure,p_air,"Local barometric pressure",Pa,5-min/hourly,measured,weather sensor,none,sensor accuracy,ideal gas conversion,"ideal gas law",n/a,"Missing/uncertain"
CO2 inside,CO2_in,"Spatially representative barn/outgoing CO2",ppm dry,point measurement then hourly,measured,gas dataset,none,"analyser+spatial",Q,VERA 2018,"pp.27;46-47","Likely available; representativeness unresolved"
CO2 incoming,CO2_bg,"Incoming/upwind CO2",ppm dry,simultaneous/hourly,measured,outside point(s),none,"analyser+background placement",Q,VERA 2018,"pp.27;47","out likely available campaigns 3-4"
CH4 inside/background,CH4,"Matched barn and incoming CH4",ppm dry,simultaneous/hourly,measured,gas dataset,none,"analyser+spatial",E_CH4,VERA 2018,p.27,"Likely available"
NH3 inside/background,NH3,"Matched barn and incoming NH3",ppm dry,simultaneous/hourly,measured,gas dataset,none,"analyser+line recovery",E_NH3,VERA 2018,p.27,"Likely available; adsorption critical"
water vapour,xH2O,"Water mole fraction for wet-to-dry correction",vol %,point/time matched,measured,gas dataset,none,sensor accuracy,dry correction,"measurement consistency requirement",n/a,"Likely available"
gas reporting basis,basis,"Wet or dry analyser output",categorical,analyser/configuration,metadata,analyser manuals,none,unknown basis,basis correction,"analyser documentation",n/a,"Missing"
wind speed,u,"External wind speed",m s-1,5-min/hourly,measured,10-m mast,none,sensor accuracy,background strategy,Saha et al. 2013,DOI 10.1016/j.biosystemseng.2012.12.002,"Likely available"
wind direction,theta,"External wind direction",degrees from north,5-min/hourly,measured,10-m mast,none,circular error,inlet/outlet pairing,Janke et al. 2020,p.19 strategies 1-2,"Likely available"
floor/manure factor,PC,"CO2 per HPU including defined manure contribution",m3 CO2 h-1 HPU-1,system constant,default/measurement,barn metadata,"0.18 closed; 0.20 partly slatted",structural,PCO2,VERA 2018,p.52 Annex H,"Choice unresolved; do not double count manure"
fan/sprinkler states,F,S,"Air movement/cooling operations",binary/state,5-15 min/hourly,measured,operations data,none,state/timing error,stratification/filtering,Janke et al. 2020,p.19 strategy 5,"Likely available"
manure/milking events,event,"Scraping slurry feeding milking cows-out events",state,events/hourly,measured,management log,none,timing error,validity/source attribution,Schmithausen et al. 2018,p.11,"Partly available"
sampling geometry,xyz,"Point coordinates height/opening distance",m,static,measured,metadata/site plan,none,survey error,spatial estimator,VERA 2018,"pp.45-47 Annex F","Partly available"
analyser QA,QA,"Calibration precision drift cross-sensitivity",mixed,analyser/day,measured,certificates/logs,none,certificate values,uncertainty/flags,VERA 2018,"p.26; pp.50-51","Missing from rough methods"
line recovery,Rline,"Recovery through sampling line",ratio,pre/post campaign,measured,certified-gas test,none,test uncertainty,correction/flag,VERA 2018,pp.50-51 Annex G,"Missing"
