claim_or_parameter,value_or_equation,source_type,full_citation,DOI_or_URL,page,table_or_equation,exact_supporting_context,confidence,conflicts_with_other_sources
"Reference method for naturally ventilated buildings","tracer gas ratio method",protocol,"VERA (2018) Test Protocol Housing v3","https://www.vera-verification.eu/app/uploads/sites/9/2019/05/VERA_Testprotocol_Housing_v3_2018.pdf",27,"s.7.4.2.3","For naturally ventilated buildings the tracer gas ratio method is the reference method.",high,none
"Tracer-ratio emission equation","E=Ptracer*(Cgas,barn-Cgas,out)/(Ctracer,barn-Ctracer,out)",protocol,"VERA (2018) Test Protocol Housing v3","https://www.vera-verification.eu/app/uploads/sites/9/2019/05/VERA_Testprotocol_Housing_v3_2018.pdf",27,"s.7.4.2.3","production/emission of a tracer gas and the ratio of the concentrations ... corrected for outside/incoming air",high,none
"Tracer production boundary","Ptracer=PCO2(animals)+PCO2(manure)",protocol,"VERA (2018) Test Protocol Housing v3","https://www.vera-verification.eu/app/uploads/sites/9/2019/05/VERA_Testprotocol_Housing_v3_2018.pdf",28,"s.7.4.2.3","Ptracer = PCO2 (animals) + PCO2 (manure)",high,"animal-only applications"
"Required CO2 prediction inputs","animals and production; temperature measured; slurry default; deep litter measured; activity optional",protocol,"VERA (2018) Test Protocol Housing v3","https://www.vera-verification.eu/app/uploads/sites/9/2019/05/VERA_Testprotocol_Housing_v3_2018.pdf",28,"Table 9","Prediction factor ... Required data",high,none
"No mandatory 200 ppm cutoff","200 ppm minimum not required",protocol,"VERA (2018) Test Protocol Housing v3","https://www.vera-verification.eu/app/uploads/sites/9/2019/05/VERA_Testprotocol_Housing_v3_2018.pdf",47,"Annex F","A minimum CO2 concentration difference ... of 200 ppm is not required",high,"study-specific cutoffs"
"Incoming-air placement",">=5 m; add points near sources; simultaneous both sides recommended with rapid wind shifts",protocol,"VERA (2018) Test Protocol Housing v3","https://www.vera-verification.eu/app/uploads/sites/9/2019/05/VERA_Testprotocol_Housing_v3_2018.pdf",47,"Annex F Figure 16 context","placing a measurement point ... at least five metres ... may be enough",high,none
"Inside spatial sampling","at least one point per 10 m length; open path recommended",protocol,"VERA (2018) Test Protocol Housing v3","https://www.vera-verification.eu/app/uploads/sites/9/2019/05/VERA_Testprotocol_Housing_v3_2018.pdf",46,"Annex F Figure 14 context","recommended to have at least one sampling point per ten metres",high,"number not experimentally fixed"
"Milking cow heat equation","5.6m^0.75+22Y1+1.6e-5p^3",protocol,"VERA (2018) Test Protocol Housing v3","https://www.vera-verification.eu/app/uploads/sites/9/2019/05/VERA_Testprotocol_Housing_v3_2018.pdf",52,"Annex H","PCO2 (milking cows) = 0.2*(...)/1000",high,none
"Manure/floor CO2 factors","PC=0.18 closed; 0.20 partly slatted including 10% pit contribution",protocol,"VERA (2018) Test Protocol Housing v3","https://www.vera-verification.eu/app/uploads/sites/9/2019/05/VERA_Testprotocol_Housing_v3_2018.pdf",52,"Annex H","PC = 0.18 for closed floors ... PC = 0.20 for (partly) slatted floors",high,"Janke uses 0.185"
"VERA cow defaults","650 kg and 160 pregnancy days",protocol,"VERA (2018) Test Protocol Housing v3","https://www.vera-verification.eu/app/uploads/sites/9/2019/05/VERA_Testprotocol_Housing_v3_2018.pdf",51,"Annex H standard values","Milking cows 650 160",high,"farm data preferred"
"Temperature correction","PCO2*= (1000+4(20-tinside))/1000",protocol,"VERA (2018) Test Protocol Housing v3","https://www.vera-verification.eu/app/uploads/sites/9/2019/05/VERA_Testprotocol_Housing_v3_2018.pdf",52,"Annex H","PCO2 = PCO2 *(1000 + 4 * (20 - tinside))/1000",high,none
"Line QA","certified-gas recovery test before measurements",protocol,"VERA (2018) Test Protocol Housing v3","https://www.vera-verification.eu/app/uploads/sites/9/2019/05/VERA_Testprotocol_Housing_v3_2018.pdf",50-51,"Annex G","recovery rate must be tested before starting the measurements",high,none
"LU definition","1 LU is 500 kg body mass",peer-reviewed,"Janke et al. (2020) Biosystems Engineering 198:15-30","https://doi.org/10.1016/j.biosystemseng.2020.07.004",19,"Eq.8 context","1 LU is the body mass equivalent of 500 kg",high,none
"German GV calculation","sum-product of number and live mass; 1 GV=500 kg",KTBL,"KTBL (2021) Aktuelle rechtliche Rahmenbedingungen",https://www.ktbl.de/fileadmin/user_upload/Allgemeines/Download/Tagungen_2021/ARR/ARR_2021.pdf,35,"EmiDaT text","Summenprodukt aus Anzahl der Tiere und jeweiliger Lebendmasse ... 500 kg",high,none
"Gas mass balance","Et=Qt*(NH3inside-NH3outside)",peer-reviewed,"Janke et al. (2020)",https://doi.org/10.1016/j.biosystemseng.2020.07.004,19,"Eq.7","total emission rate ... can be defined using the following equation",high,none
"Spatial strategy uncertainty","inside mean can inflate Q through lower enhancement",peer-reviewed,"Janke et al. (2020)",https://doi.org/10.1016/j.biosystemseng.2020.07.004,22,"Results s.3.1","upwind ... lower concentrations ... result in higher VRs",high,none
"Wind-based pairing","hourly inlet outside and outlet inside chosen by wind direction",peer-reviewed,"Janke et al. (2020)",https://doi.org/10.1016/j.biosystemseng.2020.07.004,19,"Strategy 1","According to the wind direction ... actual inlet and outlet",high,none
"Cows outside handling","exclude affected management periods when tracer cows outside",peer-reviewed,"Schmithausen et al. (2018) Animals 8:75","https://doi.org/10.3390/ani8050075",11,"s.4.3","Data ... were excluded, because the dairy cows ... were outside the barn.",high,"prefer time-varying counts when available"
"IPCC use","inventory livestock and manure categories",inventory guideline,"IPCC (2019) Refinement Vol 4 Ch 10",https://www.ipcc-nggip.iges.or.jp/public/2019rf/pdf/4_Volume4/19R_V4_Ch10_Livestock.pdf,10.1 onward,"Chapter 10","Emissions from Livestock and Manure Management",high,"not short-term barn flux"
"NH3 inventory authority","3.B Manure Management",inventory guideline,"EMEP/EEA (2023) Guidebook",https://www.eea.europa.eu/en/analysis/publications/emep-eea-guidebook-2023,chapter 3.B,"sectoral chapter","technical guidance to prepare national air pollutant emission inventories",high,"different boundary from barn measurement"
