Date.Time,analyser,analyser_model,TB600_NH3_mean,TB600_NH3_sd,TB600_NH3_n,TB600_Air_Temperature_mean,TB600_Air_Temperature_sd,TB600_Air_Temperature_n,TB600_Air_Relative_Humidity_mean,TB600_Air_Relative_Humidity_sd,TB600_Air_Relative_Humidity_n,EE894_CO2_Average_mean,EE894_CO2_Average_sd,EE894_CO2_Average_n,EE894_CO2_Raw_mean,EE894_CO2_Raw_sd,EE894_CO2_Raw_n,EE894_Air_Temperature_mean,EE894_Air_Temperature_sd,EE894_Air_Temperature_n,EE894_Air_Pressure_mean,EE894_Air_Pressure_sd,EE894_Air_Pressure_n
2026-07-05T00:00:00Z,47,OTICE_v5_LoRA,138.23333333333332,6.135107824855148,60,23.100666666666665,0.050652242966270945,60,63.111333333333334,0.4011739834183556,60,572.0851666666666,3.8075889838658386,60,572.0851666666666,3.8075889838658386,60,24.376166666666666,0.14524195670914294,60,0,0,60
2026-07-05T00:00:00Z,54,OTICE_v5_LoRA,0,0,59,23.12271186440678,0.034432868643431265,59,58.78491525423729,0.3312326658124571,59,599.8481355932204,4.558058598591518,59,599.8481355932204,4.558058598591518,59,24.368135593220337,0.10161581767094713,59,0,0,59
2026-07-05T00:00:00Z,55,OTICE_v5_LoRA,3869.766666666667,12223.826133190183,60,0.798,1.182136531734392,60,31.62066666666667,46.83192160165922,60,486.997,3.7551439521934333,60,486.997,3.7551439521934333,60,24.8335,0.06576344355699885,60,0,0,60
2026-07-05T01:00:00Z,47,OTICE_v5_LoRA,140.94915254237287,7.192965262632169,59,23.003898305084746,0.05795411232180781,59,63.49338983050848,0.4724499979727514,59,577.7450847457627,4.467042288028978,59,577.7450847457627,4.467042288028978,59,24.282203389830507,0.1435878656458293,59,0,0,59
2026-07-05T01:00:00Z,54,OTICE_v5_LoRA,0,0,59,23.014406779661016,0.04511560577314916,59,59.129830508474576,0.39991159163263945,59,597.7296610169492,3.277743108162884,59,597.7296610169492,3.277743108162884,59,24.250847457627117,0.11832579419133915,59,0,0,59
2026-07-05T01:00:00Z,55,OTICE_v5_LoRA,3913.7118644067796,15002.834457540815,59,4.036610169491525,17.58362920153676,59,0.13288135593220338,0.5324473451300709,59,480.13796610169493,5.541600596510443,59,480.13796610169493,5.541600596510443,59,24.789491525423728,0.044272811334893074,59,0,0,59
2026-07-05T02:00:00Z,47,OTICE_v5_LoRA,140,6.283530744787492,59,22.999830508474577,0.06814010732013127,59,63.82101694915254,0.5893500069926665,59,577.1274576271186,3.9709121653466153,59,577.1274576271186,3.9709121653466153,59,24.291694915254237,0.1374540994530835,59,0,0,59
2026-07-05T02:00:00Z,54,OTICE_v5_LoRA,0,0,59,23.01271186440678,0.056502380434278125,59,59.48661016949153,0.5232247824771361,59,603.2289830508474,6.225403655356147,59,603.2289830508474,6.225403655356147,59,24.27915254237288,0.12020511400552013,59,0,0,59
2026-07-05T02:00:00Z,55,OTICE_v5_LoRA,20688.237288135595,30233.574094521646,59,2.6908474576271186,14.484725520608395,59,0.8793220338983051,3.5069369011986655,59,487.85593220338984,4.109057329030026,59,487.85593220338984,4.109057329030026,59,24.712372881355932,0.07414661577718697,59,0,0,59
2026-07-05T03:00:00Z,47,OTICE_v5_LoRA,141.83050847457628,6.344023911695819,59,22.964237288135593,0.06980770113208563,59,64.44610169491526,0.5852468295931215,59,579.9147457627118,4.240516541377618,59,579.9147457627118,4.240516541377618,59,24.269491525423728,0.14319535400878722,59,0,0,59
2026-07-05T03:00:00Z,54,OTICE_v5_LoRA,0,0,59,22.970338983050848,0.05078576034795989,59,60.12694915254237,0.504002101245238,59,604.1150847457627,3.9957245999819824,59,604.1150847457627,3.9957245999819824,59,24.241186440677964,0.12372222427071078,59,0,0,59
2026-07-05T03:00:00Z,55,OTICE_v5_LoRA,10031.237288135593,17316.745847180035,59,0.7810169491525424,1.6641179655168827,59,7.682203389830509,23.39931056070969,59,487.5193220338983,6.451471327616502,59,487.5193220338983,6.451471327616502,59,24.646610169491524,0.0652742270914374,59,0,0,59
2026-07-05T03:00:00Z,59,OTICE_v5_LoRA,22.12727272727273,3.68206134625372,55,22.971818181818183,0.07490959759235004,55,61.184,0.5759037985507526,55,0,0,55,0,0,55,0,0,55,0,0,55
2026-07-05T04:00:00Z,47,OTICE_v5_LoRA,142.9322033898305,7.387931460717822,59,22.95220338983051,0.059886899051178964,59,65.25898305084746,0.5001368602873799,59,575.7623728813559,3.7273811361898987,59,575.7623728813559,3.7273811361898987,59,24.246440677966103,0.13501931805415193,59,0,0,59
2026-07-05T04:00:00Z,54,OTICE_v5_LoRA,0,0,59,22.961186440677967,0.0460541190550896,59,60.928474576271185,0.43664399433722373,59,607.6889830508475,3.048176218385098,59,607.6889830508475,3.048176218385098,59,24.218474576271188,0.11339302355420991,59,0,0,59
2026-07-05T04:00:00Z,55,OTICE_v5_LoRA,2915.8474576271187,12706.039330819405,59,0,0,59,0,0,59,488.83983050847456,6.153457814450797,59,488.83983050847456,6.153457814450797,59,24.650338983050847,0.07334298503688273,59,0,0,59
2026-07-05T04:00:00Z,59,OTICE_v5_LoRA,23.25862068965517,3.8777835269222662,58,22.962931034482757,0.0719894880408576,58,61.992586206896554,0.49718703581081253,58,0,0,58,0,0,58,0,0,58,0,0,58
2026-07-05T05:00:00Z,47,OTICE_v5_LoRA,144.3728813559322,7.77018684611972,59,22.955254237288134,0.0764820450464974,59,66.28593220338983,0.40259553864662295,59,571.9269491525424,5.035511224341913,59,571.9269491525424,5.035511224341913,59,24.229322033898306,0.13867431961228396,59,0,0,59
2026-07-05T05:00:00Z,54,OTICE_v5_LoRA,0,0,59,22.965593220338985,0.07192599612630292,59,61.92254237288136,0.34990438704042354,59,609.653220338983,4.805946905398588,59,609.653220338983,4.805946905398588,59,24.217288135593222,0.14635609041524866,59,0,0,59
2026-07-05T05:00:00Z,55,OTICE_v5_LoRA,0.03333333333333333,0.18102033471939252,60,0,0,60,0,0,60,490.941,4.085661036074199,60,490.941,4.085661036074199,60,24.661,0.04866697623924417,60,0,0,60
2026-07-05T05:00:00Z,59,OTICE_v5_LoRA,22.71186440677966,3.342778358448445,59,22.972033898305085,0.05889147415071767,59,62.96966101694915,0.29580962017005885,59,0,0,59,0,0,59,0,0,59,0,0,59
2026-07-05T06:00:00Z,46_out,OTICE_v5_LoRA,0,0,42,23.180238095238096,0.01370207305627479,42,54.62190476190476,0.16372550042362394,42,0,0,42,0,0,42,0,0,42,0,0,42
2026-07-05T06:00:00Z,47,OTICE_v5_LoRA,145.88135593220338,7.841280564319158,59,23.038813559322033,0.07679091060083817,59,67.26745762711865,0.3650110684214036,59,571.0191525423729,4.321298610744939,59,571.0191525423729,4.321298610744939,59,24.311525423728813,0.16177691706239775,59,0,0,59
2026-07-05T06:00:00Z,54,OTICE_v5_LoRA,0,0,58,23.067413793103448,0.05062973070216752,58,62.83258620689655,0.3061392891606955,58,606.8644827586207,3.5606111107720877,58,606.8644827586207,3.5606111107720877,58,24.32793103448276,0.13586317447291754,58,0,0,58
2026-07-05T06:00:00Z,55,OTICE_v5_LoRA,44707.05,29133.003789705876,60,0.04,0.30983866769659335,60,0.09383333333333334,0.28027886637749394,60,480.78883333333334,3.847195364826333,60,480.78883333333334,3.847195364826333,60,24.71633333333333,0.09865135779846222,60,0,0,60
2026-07-05T06:00:00Z,59,OTICE_v5_LoRA,21.864406779661017,4.797476445535765,59,23.035254237288136,0.11202456522787563,59,63.930169491525426,0.4478781065909891,59,0,0,59,0,0,59,0,0,59,0,0,59
2026-07-05T07:00:00Z,46_out,OTICE_v5_LoRA,0,0,119,23.15731092436975,0.024205948246128452,119,55.34882352941177,0.1323335313118784,119,0,0,119,0,0,119,0,0,119,0,0,119
2026-07-05T07:00:00Z,47,OTICE_v5_LoRA,145.91525423728814,8.451256049461483,59,23.010169491525424,0.10601710215685506,59,68.09271186440678,0.44840264583055744,59,573.8561016949152,3.1082132670744755,59,573.8561016949152,3.1082132670744755,59,24.237627118644067,0.22538349680313724,59,0,0,59
2026-07-05T07:00:00Z,54,OTICE_v5_LoRA,0,0,59,23.041864406779663,0.0981286027455665,59,63.667966101694915,0.3980156800802117,59,602.9694915254237,4.587476740043935,59,602.9694915254237,4.587476740043935,59,24.26864406779661,0.21663140176678802,59,0,0,59
2026-07-05T07:00:00Z,55,OTICE_v5_LoRA,24462.915254237287,27214.500632927127,59,1.3450847457627118,10.331791975438183,59,0.4128813559322034,1.2395592248407434,59,482.6152542372881,5.248534230828644,59,482.6152542372881,5.248534230828644,59,24.663220338983052,0.10455885453634284,59,0,0,59
2026-07-05T07:00:00Z,59,OTICE_v5_LoRA,20.8135593220339,4.786743822594265,59,23.02084745762712,0.10550842645859969,59,64.79406779661016,0.4347616019116514,59,0,0,59,0,0,59,0,0,59,0,0,59
2026-07-05T08:00:00Z,46_out,OTICE_v5_LoRA,0,0,119,23.235126050420167,0.060658331078128916,119,55.77957983193277,0.23139735784343063,119,0,0,119,0,0,119,0,0,119,0,0,119
2026-07-05T08:00:00Z,47,OTICE_v5_LoRA,139.63793103448276,8.3239208791397,58,23.186034482758622,0.12837636082296777,58,68.33793103448275,0.445266561679392,58,569.6151724137931,3.8608426683954478,58,569.6151724137931,3.8608426683954478,58,24.427241379310345,0.22441966564427582,58,0,0,58
2026-07-05T08:00:00Z,54,OTICE_v5_LoRA,0,0,59,23.22762711864407,0.09364899585320303,59,63.85135593220339,0.34102511600860796,59,599.5383050847457,3.237085828942333,59,599.5383050847457,3.237085828942333,59,24.487118644067795,0.18827759080179948,59,0,0,59
2026-07-05T08:00:00Z,55,OTICE_v5_LoRA,1106.4406779661017,8498.732108828182,59,0,0,59,0.016271186440677966,0.04877458018995161,59,484.8784745762712,5.074308111001634,59,484.8784745762712,5.074308111001634,59,24.80372881355932,0.1690939170288342,59,0,0,59
2026-07-05T08:00:00Z,59,OTICE_v5_LoRA,18.966101694915253,4.682933437033537,59,23.176440677966102,0.15135893297931197,59,65.01305084745762,0.5687683433564513,59,0,0,59,0,0,59,0,0,59,0,0,59
2026-07-05T09:00:00Z,46_out,OTICE_v5_LoRA,0,0,118,23.414661016949154,0.09229905133634586,118,56.31898305084746,0.22480529022620835,118,0,0,118,0,0,118,0,0,118,0,0,118
2026-07-05T09:00:00Z,47,OTICE_v5_LoRA,131.79661016949152,6.96488646593346,59,23.51101694915254,0.15339485801810326,59,68.40864406779662,0.32285075887677006,59,569.2398305084746,3.9587770192344403,59,569.2398305084746,3.9587770192344403,59,24.783389830508476,0.2407145266556928,59,0,0,59
2026-07-05T09:00:00Z,54,OTICE_v5_LoRA,0,0,59,23.554915254237287,0.1366895914781688,59,63.92016949152542,0.26397813079106375,59,599.7401694915254,4.122759994321436,59,599.7401694915254,4.122759994321436,59,24.916101694915255,0.24549750296610948,59,0,0,59
2026-07-05T09:00:00Z,55,OTICE_v5_LoRA,1070.8833333333334,8195.049458680893,60,0,0,60,0,0,60,482.03866666666664,5.331103001165851,60,482.03866666666664,5.331103001165851,60,25.063666666666666,0.1852068625102859,60,0,0,60
2026-07-05T09:00:00Z,59,OTICE_v5_LoRA,16.655172413793103,4.28605132198207,58,23.458965517241378,0.15620150790174966,58,65.24327586206897,0.44090173918648295,58,0,0,58,0,0,58,0,0,58,0,0,58
2026-07-05T10:00:00Z,46_out,OTICE_v5_LoRA,0,0,119,23.638487394957984,0.03711271552077165,119,56.43109243697479,0.14305853913794206,119,0,0,119,0,0,119,0,0,119,0,0,119
2026-07-05T10:00:00Z,47,OTICE_v5_LoRA,125.15254237288136,3.5613517354395663,59,23.845254237288135,0.0525998535530734,59,68.04745762711865,0.16213652421316802,59,564.913220338983,3.757784307126948,59,564.913220338983,3.757784307126948,59,25.09542372881356,0.18431908272021558,59,0,0,59
2026-07-05T10:00:00Z,54,OTICE_v5_LoRA,0,0,59,23.885254237288134,0.05227104203269847,59,63.545593220338986,0.1120386507576221,59,597.0093220338983,4.214270446293899,59,597.0093220338983,4.214270446293899,59,25.23440677966102,0.16702540779712355,59,0,0,59
2026-07-05T10:00:00Z,55,OTICE_v5_LoRA,15845.915254237289,23609.556285748695,59,0.607457627118644,1.6698622627695552,59,2.5166101694915253,13.550346045990917,59,477.5122033898305,2.5924034034453802,59,477.5122033898305,2.5924034034453802,59,25.28135593220339,0.15293065396152228,59,0,0,59
2026-07-05T10:00:00Z,59,OTICE_v5_LoRA,14.271186440677965,3.033323592425427,59,23.753389830508475,0.06788962059441417,59,65.06576271186441,0.2960207552708746,59,0,0,59,0,0,59,0,0,59,0,0,59
2026-07-05T11:00:00Z,46_out,OTICE_v5_LoRA,0,0,119,23.848403361344538,0.07287071432032746,119,56.088235294117645,0.14806461632738502,119,0,0,119,0,0,119,0,0,119,0,0,119
2026-07-05T11:00:00Z,47,OTICE_v5_LoRA,113.62711864406779,5.457984676330651,59,24.2,0.1319613318493274,59,67.14322033898306,0.3801335549240485,59,563.0883050847458,6.306894462997421,59,563.0883050847458,6.306894462997421,59,25.51050847457627,0.22175960678808357,59,0,0,59
2026-07-05T11:00:00Z,54,OTICE_v5_LoRA,0,0,59,24.20864406779661,0.1278800303506304,59,62.80864406779661,0.35458308508929715,59,593.6472881355932,3.63827110822239,59,593.6472881355932,3.63827110822239,59,25.618813559322035,0.20121257198127473,59,0,0,59
2026-07-05T11:00:00Z,55,OTICE_v5_LoRA,44744.38983050847,23018.0178585932,59,0.02169491525423729,0.16664180605545456,59,4.222372881355932,18.138179616201754,59,473.2654237288136,5.33510763942536,59,473.2654237288136,5.33510763942536,59,25.558813559322033,0.13228867006198228,59,0,0,59
2026-07-05T11:00:00Z,59,OTICE_v5_LoRA,8.94915254237288,3.4512552879403935,59,24.10779661016949,0.13662265925824185,59,64.24898305084746,0.37102697603968526,59,0,0,59,0,0,59,0,0,59,0,0,59
2026-07-05T12:00:00Z,46_out,OTICE_v5_LoRA,0,0,119,24.18546218487395,0.11077345869439162,119,55.539327731092435,0.274642235979449,119,0,0,119,0,0,119,0,0,119,0,0,119
2026-07-05T12:00:00Z,47,OTICE_v5_LoRA,104.16949152542372,7.442081054829427,59,24.661694915254238,0.19633848800031864,59,66.01186440677967,0.5347750883227358,59,561.4452542372882,3.070548842286947,59,561.4452542372882,3.070548842286947,59,25.990338983050847,0.19484712045773786,59,0,0,59
2026-07-05T12:00:00Z,54,OTICE_v5_LoRA,0,0,59,24.653050847457628,0.17122534292450436,59,61.77762711864407,0.4728174503134005,59,583.3222033898305,5.374583245365878,59,583.3222033898305,5.374583245365878,59,26.07457627118644,0.1803666957741282,59,0,0,59
2026-07-05T12:00:00Z,55,OTICE_v5_LoRA,13439.559322033898,26406.110616785332,59,0,0,59,0,0,59,473.4952542372881,3.6831697162073493,59,473.4952542372881,3.6831697162073493,59,26.02033898305085,0.16111642932658335,59,0,0,59
2026-07-05T12:00:00Z,59,OTICE_v5_LoRA,5.983050847457627,2.48784303074889,59,24.54542372881356,0.15714392737231112,59,63.274745762711866,0.3470335168757969,59,0,0,59,0,0,59,0,0,59,0,0,59
2026-07-05T13:00:00Z,46_out,OTICE_v5_LoRA,0,0,119,24.49058823529412,0.050828627287624106,119,54.65176470588235,0.38335416880969087,119,0,0,119,0,0,119,0,0,119,0,0,119
2026-07-05T13:00:00Z,47,OTICE_v5_LoRA,96.45,5.837996521909765,60,25.0025,0.11209295476734743,60,64.75333333333333,0.5682404201931102,60,561.2198333333333,3.4680490738354752,60,561.2198333333333,3.4680490738354752,60,26.349833333333333,0.11944066914718669,60,0,0,60
2026-07-05T13:00:00Z,54,OTICE_v5_LoRA,0,0,60,24.982166666666668,0.10023855726007787,60,60.637166666666666,0.5485206349861869,60,588.7153333333333,3.804187909359573,60,588.7153333333333,3.804187909359573,60,26.414833333333334,0.13311765748563667,60,0,0,60
2026-07-05T13:00:00Z,55,OTICE_v5_LoRA,0,0,60,0,0,60,0,0,60,483.1265,4.419111738723294,60,483.1265,4.419111738723294,60,26.359,0.05890814452624871,60,0,0,60
2026-07-05T13:00:00Z,59,OTICE_v5_LoRA,3.1864406779661016,2.4598470394776824,59,24.878813559322033,0.09690174095021074,59,62.18457627118644,0.4533907579861276,59,0,0,59,0,0,59,0,0,59,0,0,59
2026-07-05T14:00:00Z,46_out,OTICE_v5_LoRA,0,0,119,24.590084033613447,0.029008934869038938,119,53.76798319327731,0.2531984544626197,119,0,0,119,0,0,119,0,0,119,0,0,119
2026-07-05T14:00:00Z,47,OTICE_v5_LoRA,99.2542372881356,7.108987076445446,59,25.136440677966103,0.05999318098792309,59,63.7835593220339,0.4374643343565455,59,559.2803389830508,3.9536565206286327,59,559.2803389830508,3.9536565206286327,59,26.482033898305083,0.15434823659970245,59,0,0,59
2026-07-05T14:00:00Z,54,OTICE_v5_LoRA,0,0,59,25.13542372881356,0.05754524558384063,59,59.641694915254234,0.45395637243808745,59,587.5083050847458,5.830356395489219,59,587.5083050847458,5.830356395489219,59,26.56593220338983,0.12988215672183964,59,0,0,59
2026-07-05T14:00:00Z,55,OTICE_v5_LoRA,1216.2241379310344,6064.43322887451,58,1.5448275862068965,3.001948631103979,58,0.04275862068965517,0.32563995349211194,58,487.5405172413793,8.257775585622591,58,487.5405172413793,8.257775585622591,58,26.447413793103447,0.06814742390846433,58,0,0,58
2026-07-05T14:00:00Z,59,OTICE_v5_LoRA,2.711864406779661,2.5867757021090223,59,25.029661016949152,0.05027394271577846,59,61.047118644067794,0.35118052557474977,59,0,0,59,0,0,59,0,0,59,0,0,59
2026-07-05T15:00:00Z,46_out,OTICE_v5_LoRA,0,0,119,24.624873949579833,0.019951872016943553,119,53.13596638655462,0.30018163802889986,119,0,0,119,0,0,119,0,0,119,0,0,119
2026-07-05T15:00:00Z,47,OTICE_v5_LoRA,102.28813559322033,6.60472883741492,59,25.173728813559322,0.04012473246595722,59,63.25661016949152,0.4493505281360838,59,556.9603389830509,3.7301890338073784,59,556.9603389830509,3.7301890338073784,59,26.57491525423729,0.13798266859378336,59,0,0,59
2026-07-05T15:00:00Z,48,OTICE_v5_LoRA,0,0,3,24.863333333333333,0.00577350269189716,3,54.70333333333333,0.0577350269189634,3,0,0,3,0,0,3,0,0,3,0,0,3
2026-07-05T15:00:00Z,54,OTICE_v5_LoRA,0,0,59,25.15779661016949,0.04951724870532948,59,59.11796610169492,0.4178012217551055,59,580.607627118644,3.0267595845557604,59,580.607627118644,3.0267595845557604,59,26.62677966101695,0.08875461479922604,59,0,0,59
2026-07-05T15:00:00Z,55,OTICE_v5_LoRA,8168.406779661017,19477.2922754525,59,0.04338983050847458,0.3332836121109091,59,0,0,59,478.57898305084746,5.002530633698017,59,478.57898305084746,5.002530633698017,59,26.591694915254237,0.06555209937385933,59,0,0,59
2026-07-05T15:00:00Z,59,OTICE_v5_LoRA,3.7288135593220337,2.952675633332426,59,25.04593220338983,0.023789206772283626,59,60.49338983050848,0.3934884223398292,59,0,0,59,0,0,59,0,0,59,0,0,59
2026-07-05T16:00:00Z,46_out,OTICE_v5_LoRA,0,0,119,24.600168067226893,0.015943926811327086,119,52.652016806722685,0.2640928824534999,119,0,0,119,0,0,119,0,0,119,0,0,119
2026-07-05T16:00:00Z,47,OTICE_v5_LoRA,108.40677966101696,7.059155571429784,59,25.078813559322032,0.0348437272721542,59,62.91,0.38154404997190716,59,559.1684745762711,5.622143662083094,59,559.1684745762711,5.622143662083094,59,26.41949152542373,0.1730101026431649,59,0,0,59
2026-07-05T16:00:00Z,48,OTICE_v5_LoRA,0,0,119,24.82344537815126,0.02416177730827701,119,54.21134453781512,0.2459465436260636,119,0,0,119,0,0,119,0,0,119,0,0,119
2026-07-05T16:00:00Z,54,OTICE_v5_LoRA,0,0,59,25.09,0.042263540984538384,59,58.67322033898305,0.37681258800064665,59,580.5850847457627,3.9573133401342826,59,580.5850847457627,3.9573133401342826,59,26.50457627118644,0.14189994087503693,59,0,0,59
2026-07-05T16:00:00Z,55,OTICE_v5_LoRA,13205.133333333333,26310.10241975225,60,0,0,60,0,0,60,477.63683333333336,5.407903974321312,60,477.63683333333336,5.407903974321312,60,26.586666666666666,0.100484701030769,60,0,0,60
2026-07-05T16:00:00Z,59,OTICE_v5_LoRA,5.338983050847458,3.2142472143380925,59,24.96627118644068,0.031888723825025854,59,60.07728813559322,0.30315485122677177,59,0,0,59,0,0,59,0,0,59,0,0,59
2026-07-05T17:00:00Z,46_out,OTICE_v5_LoRA,0,0,119,24.539159663865547,0.030520341422795996,119,52.21773109243698,0.10154265176152567,119,0,0,119,0,0,119,0,0,119,0,0,119
2026-07-05T17:00:00Z,47,OTICE_v5_LoRA,113.54237288135593,5.2729695680383735,59,24.95271186440678,0.0452133070309054,59,62.801864406779664,0.22078601417686652,59,562.5338983050848,4.397475771609626,59,562.5338983050848,4.397475771609626,59,26.343220338983052,0.20738470563404063,59,0,0,59
2026-07-05T17:00:00Z,48,OTICE_v5_LoRA,0,0,118,24.736864406779663,0.03779610508903678,118,53.87550847457627,0.07977101263919208,118,0,0,118,0,0,118,0,0,118,0,0,118
2026-07-05T17:00:00Z,54,OTICE_v5_LoRA,0,0,59,24.96457627118644,0.03687453255803325,59,58.53983050847457,0.2844867824662736,59,581.5028813559322,5.5680693895694455,59,581.5028813559322,5.5680693895694455,59,26.399322033898304,0.1674027191183156,59,0,0,59
2026-07-05T17:00:00Z,55,OTICE_v5_LoRA,115.16666666666667,357.1603716447925,60,0,0,60,0,0,60,474.4715,3.1420223569423262,60,474.4715,3.1420223569423262,60,26.528333333333332,0.10418638231499881,60,0,0,60
2026-07-05T17:00:00Z,59,OTICE_v5_LoRA,7.830508474576271,2.847579385668741,59,24.827966101694916,0.05277733516344858,59,59.954406779661014,0.16465503318527364,59,0,0,59,0,0,59,0,0,59,0,0,59
2026-07-05T18:00:00Z,46_out,OTICE_v5_LoRA,0,0,119,24.441764705882353,0.04028809511723573,119,51.90857142857143,0.12243494096856253,119,0,0,119,0,0,119,0,0,119,0,0,119
2026-07-05T18:00:00Z,47,OTICE_v5_LoRA,117.98305084745763,4.260854396365256,59,24.77949152542373,0.05769789719510045,59,62.72949152542373,0.1386315350602098,59,563.5433898305084,3.4544891384227863,59,563.5433898305084,3.4544891384227863,59,26.15101694915254,0.21896067128560373,59,0,0,59
2026-07-05T18:00:00Z,48,OTICE_v5_LoRA,0,0,119,24.607731092436975,0.04413839895551036,119,53.63462184873949,0.10233535694616452,119,0,0,119,0,0,119,0,0,119,0,0,119
2026-07-05T18:00:00Z,54,OTICE_v5_LoRA,0,0,59,24.79677966101695,0.0449306238383554,59,58.45135593220339,0.14844548084454312,59,582.2296610169492,3.3525404500641245,59,582.2296610169492,3.3525404500641245,59,26.21593220338983,0.1738818330824006,59,0,0,59
2026-07-05T18:00:00Z,55,OTICE_v5_LoRA,26722.338983050846,24086.011890299753,59,0.13016949152542373,0.5672240070956086,59,0.6942372881355933,1.7679095422617372,59,478.3935593220339,4.625273808376616,59,478.3935593220339,4.625273808376616,59,26.399661016949153,0.1164113707814824,59,0,0,59
2026-07-05T18:00:00Z,59,OTICE_v5_LoRA,10,2.406886671257262,59,24.665593220338984,0.05599480229698295,59,59.85745762711864,0.10726366515851363,59,0,0,59,0,0,59,0,0,59,0,0,59
2026-07-05T19:00:00Z,46_out,OTICE_v5_LoRA,0,0,31,24.369032258064518,0.01813924634775396,31,51.73677419354839,0.017960530202677745,31,0,0,31,0,0,31,0,0,31,0,0,31
2026-07-05T19:00:00Z,47,OTICE_v5_LoRA,121.49152542372882,4.014511957094266,59,24.598305084745764,0.09891048796195513,59,62.63322033898305,0.15996164063845167,59,565.6561016949153,4.6703588494443595,59,565.6561016949153,4.6703588494443595,59,26.003050847457626,0.2566243345711723,59,0,0,59
2026-07-05T19:00:00Z,48,OTICE_v5_LoRA,0,0,119,24.465882352941176,0.06495646214255944,119,53.422605042016805,0.08772513105393698,119,0,0,119,0,0,119,0,0,119,0,0,119
2026-07-05T19:00:00Z,54,OTICE_v5_LoRA,0,0,59,24.60593220338983,0.0849973355377076,59,58.40779661016949,0.17537219333522402,59,582.9389830508475,4.079340588580308,59,582.9389830508475,4.079340588580308,59,26.037627118644068,0.23547705784033546,59,0,0,59
2026-07-05T19:00:00Z,55,OTICE_v5_LoRA,31588.14285714286,28333.88450500314,56,0,0,56,0,0,56,475.5414285714286,2.8060145976238093,56,475.5414285714286,2.8060145976238093,56,26.219285714285714,0.12677621146022514,56,0,0,56
2026-07-05T19:00:00Z,59,OTICE_v5_LoRA,11.271186440677965,2.41996372496734,59,24.473898305084745,0.07928597191121092,59,59.85203389830508,0.08061786533023071,59,0,0,59,0,0,59,0,0,59,0,0,59
2026-07-05T20:00:00Z,47,OTICE_v5_LoRA,117.96551724137932,4.2634891698558155,29,24.480344827586208,0.05840026654909115,29,62.26068965517241,0.14875509677901483,29,563.5937931034483,2.8548335125251176,29,563.5937931034483,2.8548335125251176,29,25.876896551724137,0.20019817767609058,29,0,0,29
2026-07-05T20:00:00Z,48,OTICE_v5_LoRA,0,0,119,24.27857142857143,0.07294397332578023,119,53.03361344537815,0.1140898478262285,119,0,0,119,0,0,119,0,0,119,0,0,119
2026-07-05T20:00:00Z,54,OTICE_v5_LoRA,0,0,36,24.45861111111111,0.0754852030070523,36,58.070277777777775,0.18083119375517298,36,579.7772222222222,3.81822293078945,36,579.7772222222222,3.81822293078945,36,25.816666666666666,0.25710475908247427,36,0,0,36
2026-07-05T20:00:00Z,59,OTICE_v5_LoRA,13.627118644067796,2.1245551671102074,59,24.271186440677965,0.07600101509673107,59,59.516949152542374,0.2065417569644428,59,0,0,59,0,0,59,0,0,59,0,0,59
2026-07-05T21:00:00Z,48,OTICE_v5_LoRA,0,0,119,24.100840336134453,0.07011588267486822,119,52.466134453781514,0.18173415695151215,119,0,0,119,0,0,119,0,0,119,0,0,119
2026-07-05T21:00:00Z,59,OTICE_v5_LoRA,13.576271186440678,2.450920937613314,59,24.049830508474574,0.08773965260583254,59,59.0028813559322,0.24289241869642403,59,0,0,59,0,0,59,0,0,59,0,0,59
2026-07-05T22:00:00Z,48,OTICE_v5_LoRA,0,0,119,23.893529411764707,0.07060979232149703,119,51.79781512605042,0.1960506665050137,119,0,0,119,0,0,119,0,0,119,0,0,119
2026-07-05T22:00:00Z,59,OTICE_v5_LoRA,16.54237288135593,2.7874226997063265,59,23.83322033898305,0.0654280515071403,59,58.29474576271186,0.22305369642836306,59,0,0,59,0,0,59,0,0,59,0,0,59
2026-07-05T23:00:00Z,48,OTICE_v5_LoRA,0,0,119,23.711344537815126,0.04733444601169095,119,51.178067226890754,0.18212157101421372,119,0,0,119,0,0,119,0,0,119,0,0,119
2026-07-05T23:00:00Z,59,OTICE_v5_LoRA,19.152542372881356,2.426957505858425,59,23.637966101694914,0.058332567972491776,59,57.60084745762712,0.269042286995374,59,0,0,59,0,0,59,0,0,59,0,0,59
2026-07-06T00:00:00Z,48,OTICE_v5_LoRA,0,0,119,23.526974789915965,0.05392327603223572,119,50.66302521008404,0.15387951825609061,119,0,0,119,0,0,119,0,0,119,0,0,119
2026-07-06T00:00:00Z,59,OTICE_v5_LoRA,21.949152542372882,2.6289091012312555,59,23.433728813559323,0.0666151661587744,59,57.18983050847458,0.1893044576175504,59,0,0,59,0,0,59,0,0,59,0,0,59
2026-07-06T01:00:00Z,48,OTICE_v5_LoRA,0,0,118,23.415169491525425,0.0636997906965313,118,50.21584745762712,0.11069575051245396,118,0,0,118,0,0,118,0,0,118,0,0,118
2026-07-06T01:00:00Z,59,OTICE_v5_LoRA,22.627118644067796,2.3917841060218663,59,23.305084745762713,0.06234976098054277,59,56.71389830508475,0.16183236270217316,59,0,0,59,0,0,59,0,0,59,0,0,59
2026-07-06T02:00:00Z,48,OTICE_v5_LoRA,0,0,119,23.284033613445377,0.0414630594775538,119,50.003781512605045,0.13422717649402122,119,0,0,119,0,0,119,0,0,119,0,0,119
2026-07-06T02:00:00Z,59,OTICE_v5_LoRA,24.796610169491526,2.5514002985308037,59,23.168135593220338,0.05240671766202841,59,56.52677966101695,0.21070849841269182,59,0,0,59,0,0,59,0,0,59,0,0,59
2026-07-06T03:00:00Z,48,OTICE_v5_LoRA,0,0,119,23.046470588235294,0.39806861736089844,119,50.40621848739496,2.0027129868732843,119,0,0,119,0,0,119,0,0,119,0,0,119
2026-07-06T03:00:00Z,59,OTICE_v5_LoRA,30.637931034482758,11.569315550668923,58,22.932586206896552,0.38723292027312806,58,57.06224137931034,2.1515714722878667,58,0,0,58,0,0,58,0,0,58,0,0,58
2026-07-06T04:00:00Z,48,OTICE_v5_LoRA,0,0,64,20.5646875,0.22580345963016663,64,62.13640625,1.2441410209298294,64,0,0,64,0,0,64,0,0,64,0,0,64
2026-07-06T04:00:00Z,59,OTICE_v5_LoRA,71.64285714285714,4.182983922674637,28,20.557142857142857,0.23707878269965277,28,69.07714285714286,1.4017709887003298,28,0,0,28,0,0,28,0,0,28,0,0,28
2026-07-06T11:00:00Z,48,OTICE_v5_LoRA,0,0,7,0,0,7,0,0,7,0,0,7,0,0,7,0,0,7,0,0,7
2026-07-07T08:00:00Z,59,OTICE_v5_LoRA,1642,,1,21.99,,1,82.39,,1,717.39,,1,717.39,,1,23.53,,1,0,,1
2026-07-07T09:00:00Z,59,OTICE_v5_LoRA,2113,282.6446532308722,3,21.986666666666665,0.005773502691895109,3,83.35333333333334,0.6625959050079697,3,907.63,160.01857173465834,3,907.63,160.01857173465834,3,23.533333333333335,0.09712534856222353,3,0,0,3
