Date.Time,analyser,device_mean,reference_mean,relative_percentage_error
2026-07-05T00:00:00Z,47,572.0851666666666,572.0851666666666,0
2026-07-05T00:00:00Z,54,599.8481355932204,572.0851666666666,4.852943328056997
2026-07-05T00:00:00Z,55,486.997,572.0851666666666,-14.873339080340884
2026-07-05T01:00:00Z,47,577.7450847457627,577.7450847457627,0
2026-07-05T01:00:00Z,54,597.7296610169492,577.7450847457627,3.4590646980546302
2026-07-05T01:00:00Z,55,480.13796610169493,577.7450847457627,-16.894495725051453
2026-07-05T02:00:00Z,47,577.1274576271186,577.1274576271186,0
2026-07-05T02:00:00Z,54,603.2289830508474,577.1274576271186,4.52266220897655
2026-07-05T02:00:00Z,55,487.85593220338984,577.1274576271186,-15.468251292491264
2026-07-05T03:00:00Z,47,579.9147457627118,579.9147457627118,0
2026-07-05T03:00:00Z,54,604.1150847457627,579.9147457627118,4.173085640583643
2026-07-05T03:00:00Z,55,487.5193220338983,579.9147457627118,-15.9325874025317
2026-07-05T03:00:00Z,59,0,579.9147457627118,-100
2026-07-05T04:00:00Z,47,575.7623728813559,575.7623728813559,0
2026-07-05T04:00:00Z,54,607.6889830508475,575.7623728813559,5.545101881131529
2026-07-05T04:00:00Z,55,488.83983050847456,575.7623728813559,-15.096947363525082
2026-07-05T04:00:00Z,59,0,575.7623728813559,-100
2026-07-05T05:00:00Z,47,571.9269491525424,571.9269491525424,0
2026-07-05T05:00:00Z,54,609.653220338983,571.9269491525424,6.596344383201707
2026-07-05T05:00:00Z,55,490.941,571.9269491525424,-14.160191134994434
2026-07-05T05:00:00Z,59,0,571.9269491525424,-100
2026-07-05T06:00:00Z,46_out,0,571.0191525423729,-100
2026-07-05T06:00:00Z,47,571.0191525423729,571.0191525423729,0
2026-07-05T06:00:00Z,54,606.8644827586207,571.0191525423729,6.277430460371097
2026-07-05T06:00:00Z,55,480.78883333333334,571.0191525423729,-15.8016274598327
2026-07-05T06:00:00Z,59,0,571.0191525423729,-100
2026-07-05T07:00:00Z,46_out,0,573.8561016949152,-100
2026-07-05T07:00:00Z,47,573.8561016949152,573.8561016949152,0
2026-07-05T07:00:00Z,54,602.9694915254237,573.8561016949152,5.0732909773932
2026-07-05T07:00:00Z,55,482.6152542372881,573.8561016949152,-15.899603957881123
2026-07-05T07:00:00Z,59,0,573.8561016949152,-100
2026-07-05T08:00:00Z,46_out,0,569.6151724137931,-100
2026-07-05T08:00:00Z,47,569.6151724137931,569.6151724137931,0
2026-07-05T08:00:00Z,54,599.5383050847457,569.6151724137931,5.253219036310222
2026-07-05T08:00:00Z,55,484.8784745762712,569.6151724137931,-14.876130753056117
2026-07-05T08:00:00Z,59,0,569.6151724137931,-100
2026-07-05T09:00:00Z,46_out,0,569.2398305084746,-100
2026-07-05T09:00:00Z,47,569.2398305084746,569.2398305084746,0
2026-07-05T09:00:00Z,54,599.7401694915254,569.2398305084746,5.358082366760305
2026-07-05T09:00:00Z,55,482.03866666666664,569.2398305084746,-15.318879524631182
2026-07-05T09:00:00Z,59,0,569.2398305084746,-100
2026-07-05T10:00:00Z,46_out,0,564.913220338983,-100
2026-07-05T10:00:00Z,47,564.913220338983,564.913220338983,0
2026-07-05T10:00:00Z,54,597.0093220338983,564.913220338983,5.681598613616383
2026-07-05T10:00:00Z,55,477.5122033898305,564.913220338983,-15.471582855983876
2026-07-05T10:00:00Z,59,0,564.913220338983,-100
2026-07-05T11:00:00Z,46_out,0,563.0883050847458,-100
2026-07-05T11:00:00Z,47,563.0883050847458,563.0883050847458,0
2026-07-05T11:00:00Z,54,593.6472881355932,563.0883050847458,5.4270320969014225
2026-07-05T11:00:00Z,55,473.2654237288136,563.0883050847458,-15.951828611040629
2026-07-05T11:00:00Z,59,0,563.0883050847458,-100
2026-07-05T12:00:00Z,46_out,0,561.4452542372882,-100
2026-07-05T12:00:00Z,47,561.4452542372882,561.4452542372882,0
2026-07-05T12:00:00Z,54,583.3222033898305,561.4452542372882,3.8965418244138044
2026-07-05T12:00:00Z,55,473.4952542372881,561.4452542372882,-15.664928919824659
2026-07-05T12:00:00Z,59,0,561.4452542372882,-100
2026-07-05T13:00:00Z,46_out,0,561.2198333333333,-100
2026-07-05T13:00:00Z,47,561.2198333333333,561.2198333333333,0
2026-07-05T13:00:00Z,54,588.7153333333333,561.2198333333333,4.899238830654297
2026-07-05T13:00:00Z,55,483.1265,561.2198333333333,-13.914927572944524
2026-07-05T13:00:00Z,59,0,561.2198333333333,-100
2026-07-05T14:00:00Z,46_out,0,559.2803389830508,-100
2026-07-05T14:00:00Z,47,559.2803389830508,559.2803389830508,0
2026-07-05T14:00:00Z,54,587.5083050847458,559.2803389830508,5.047194427220947
2026-07-05T14:00:00Z,55,487.5405172413793,559.2803389830508,-12.82716676079071
2026-07-05T14:00:00Z,59,0,559.2803389830508,-100
2026-07-05T15:00:00Z,46_out,0,556.9603389830509,-100
2026-07-05T15:00:00Z,47,556.9603389830509,556.9603389830509,0
2026-07-05T15:00:00Z,48,0,556.9603389830509,-100
2026-07-05T15:00:00Z,54,580.607627118644,556.9603389830509,4.245775952156762
2026-07-05T15:00:00Z,55,478.57898305084746,556.9603389830509,-14.073058788228845
2026-07-05T15:00:00Z,59,0,556.9603389830509,-100
2026-07-05T16:00:00Z,46_out,0,559.1684745762711,-100
2026-07-05T16:00:00Z,47,559.1684745762711,559.1684745762711,0
2026-07-05T16:00:00Z,48,0,559.1684745762711,-100
2026-07-05T16:00:00Z,54,580.5850847457627,559.1684745762711,3.8300818345885412
2026-07-05T16:00:00Z,55,477.63683333333336,559.1684745762711,-14.580872304133589
2026-07-05T16:00:00Z,59,0,559.1684745762711,-100
2026-07-05T17:00:00Z,46_out,0,562.5338983050848,-100
2026-07-05T17:00:00Z,47,562.5338983050848,562.5338983050848,0
2026-07-05T17:00:00Z,48,0,562.5338983050848,-100
2026-07-05T17:00:00Z,54,581.5028813559322,562.5338983050848,3.372060440802058
2026-07-05T17:00:00Z,55,474.4715,562.5338983050848,-15.654594073426843
2026-07-05T17:00:00Z,59,0,562.5338983050848,-100
2026-07-05T18:00:00Z,46_out,0,563.5433898305084,-100
2026-07-05T18:00:00Z,47,563.5433898305084,563.5433898305084,0
2026-07-05T18:00:00Z,48,0,563.5433898305084,-100
2026-07-05T18:00:00Z,54,582.2296610169492,563.5433898305084,3.3158531399083317
2026-07-05T18:00:00Z,55,478.3935593220339,563.5433898305084,-15.10972039510289
2026-07-05T18:00:00Z,59,0,563.5433898305084,-100
2026-07-05T19:00:00Z,46_out,0,565.6561016949153,-100
2026-07-05T19:00:00Z,47,565.6561016949153,565.6561016949153,0
2026-07-05T19:00:00Z,48,0,565.6561016949153,-100
2026-07-05T19:00:00Z,54,582.9389830508475,565.6561016949153,3.0553690314921536
2026-07-05T19:00:00Z,55,475.5414285714286,565.6561016949153,-15.930999922650836
2026-07-05T19:00:00Z,59,0,565.6561016949153,-100
2026-07-05T20:00:00Z,47,563.5937931034483,563.5937931034483,0
2026-07-05T20:00:00Z,48,0,563.5937931034483,-100
2026-07-05T20:00:00Z,54,579.7772222222222,563.5937931034483,2.8714704307972085
2026-07-05T20:00:00Z,59,0,563.5937931034483,-100
