"citation_key","title","year","source_type","pdf_path","doi","priority","text_status","evidence_status","last_verified"
"Apostolico2026","Towards standardised measurement of ammonia emissions from naturally ventilated dairy barns: Progress and perspectives","2026","peer-reviewed review","D:\Literature\Dairy housing\2026_Apostolico_Towards standardised measurement of ammonia emissions from naturally ventilated dairy barns Progress and perspectives.pdf","10.1016/j.compag.2026.111775","1","not_extracted","pending",""
"Declerck2025","Meetcampagne voor de bepaling van de ammoniakemissies van een traditionele melkveestal","2025","technical report","D:\Literature\Books and Thesis\2025_Declerck_Meetrapport-ammoniakemissie-traditionele-melkveestal_finaal_digital.pdf","","1","extracted_local","verified_note","2026-08-17"
"JankeSampling2020","Calculation of ventilation rates and ammonia emissions: Comparison of sampling strategies for a naturally ventilated dairy barn","2020","peer-reviewed field study","D:\Literature\Dairy housing\2020_Janke_Calculation of ventilation rates and ammonia emissions Comparison of sampling strategies for a naturally ventilated dairy barn.pdf","10.1016/j.biosystemseng.2020.07.011","1","not_extracted","pending",""
"Janke2020","Direct measurements of the volume flow rate and emissions in a large naturally ventilated building","2020","peer-reviewed field and wind-tunnel study","D:\Literature\Dairy housing\2020_Janke_Direct Measurements of the Volume Flow Rate andEmissions in a Large Naturally Ventilated Building.pdf","10.3390/s20216223","1","not_extracted","pending",""
"Janke2022","Verification analysis of volume flow measured by a direct method and by two indirect CO2 balance methods","2022","peer-reviewed verification study","D:\Literature\Dairy housing\2022_Janke_Verification Analysis of Volume Flow Measured by a Direct Method and by Two Indirect CO2 Balance Methods.pdf","10.3390/app12105203","1","extracted_local","verified_note","2026-08-17"
"Mendes2015","Spatial variability of mixing ratios of ammonia and tracer gases in a naturally ventilated dairy cow barn","2015","peer-reviewed field study","D:\Literature\Dairy housing\2014_Mendes_Spatial variability of mixing ratios of ammonia and tracer gases in a naturally ventilated dairy cow barn.pdf","10.1016/j.biosystemseng.2014.11.011","1","not_extracted","pending",""
"Wu2016","Temporal and spatial variation of methane concentrations around lying cubicles in dairy barns","2016","peer-reviewed field study","D:\Literature\Dairy housing\2016_Wu_Temporal and spatial variation of methane concentrations around lying cubicles in dairy barns.pdf","10.1016/j.biosystemseng.2016.10.016","1","not_extracted","pending",""
"Durso2022","Analysis of the horizontal distribution of sampling points for gas concentrations monitoring in an open-sided dairy barn","2022","peer-reviewed field study","D:\Literature\Dairy housing\2022_D'Urso_Analysis of the Horizontal Distribution of Sampling Points for Gas Concentrations Monitoring in an Open‐Sided Dairy Barn.pdf","10.3390/ani12233258","1","not_extracted","pending",""
"Durso2024","Vertical profile of noxious gas concentrations in an open dairy barn in Mediterranean area","2024","peer-reviewed conference chapter","D:\Literature\Dairy housing\2024_Durso_Vertical Profile of Noxious Gas Concentrations in an Open Dairy Barn in Mediterranean Area.pdf","10.1007/978-3-031-63504-5_23","1","not_extracted","pending",""
"Sahu2023","Concentration gradients of ammonia, methane, and carbon dioxide at the outlet of a naturally ventilated dairy building","2023","peer-reviewed field study","","10.3390/atmos14091465","1","source_missing","pending",""
"Doumbia2021","On finding the right sampling line height through a parametric study of gas dispersion in a naturally ventilated building","2021","peer-reviewed CFD study","D:\Literature\Dairy housing\2021_Doumbia_On Finding the Right Sampling Line Height through a Parametric Study of Gas Dispersion in a NVB.pdf","10.3390/app11104560","1","not_extracted","pending",""
"Nosek2021","Review of wind tunnel modelling of flow and pollutant dispersion within and from naturally ventilated livestock buildings","2021","peer-reviewed review","D:\Literature\Dairy housing\2021_Nosek_Review of Wind Tunnel Modelling of Flow and Pollutant Dispersion within and from Naturally Ventilated Livestock Buildings.pdf","10.3390/app11093783","1","not_extracted","pending",""
"Chen2026","CFD-informed sensor placement optimisation for predicting local mean age of air in naturally ventilated livestock buildings","2026","peer-reviewed CFD study","D:\Literature\Dairy housing\2026_Chen_CFD-informed sensor placement optimization for predicting local mean age of air in naturally ventilated livestock buildings.pdf","10.1016/j.atech.2026.102319","1","not_extracted","pending",""
"VERA2018","VERA test protocol for livestock housing and management systems","2018","protocol","D:\Literature\Dairy housing\2018_VERA_Testprotocol_Housing_v3.pdf","","1","not_extracted","pending",""
"Calvet2013","Measuring gas emissions from livestock buildings: A review on uncertainty analysis and error sources","2013","peer-reviewed review","D:\Literature\Dairy housing\2013_Calvet_Measuring gas emissions from livestock buildings A review on uncertainty analysis and error sources.pdf","10.1016/j.biosystemseng.2012.11.004","2","not_extracted","pending",""
"Ogink2013","Methods for measuring gas emissions from naturally ventilated livestock buildings: Developments over the last decade and perspectives for improvement","2013","peer-reviewed review","D:\Literature\Dairy housing\2013_Ogink_Methods for measuring gas emissions from naturally ventilated livestock buildings Developments over the last decade and perspectives for improvement.pdf","10.1016/j.biosystemseng.2012.10.005","2","not_extracted","pending",""
"Saha2013","The effect of external wind speed and direction on sampling point concentrations, air change rate and emissions from a naturally ventilated dairy building","2013","peer-reviewed field study","D:\Literature\Dairy housing\2013_Saha_The effect of external wind speed and direction on sampling point concentrations, air change rate and emissions from a naturally ventilated dairy building.pdf","10.1016/j.biosystemseng.2012.12.002","2","not_extracted","pending",""
"Fiedler2014","Spatial distribution of airflow and carbon dioxide concentration in a naturally ventilated dairy building","2014","peer-reviewed field study","D:\Literature\Dairy housing\2014_Fiedler_Spatial Distribution of Airflow and Co2 concentration in Naturally Ventilated Dairy Building.pdf","","2","not_extracted","pending",""
"Koenig2018","Variabilities in determining air exchange rates in naturally ventilated dairy buildings using the CO2 production model","2018","peer-reviewed field study","D:\Literature\Dairy housing\2018_Koenig_Variabilities in determining air exchange rates in naturally ventilated dairy buildings using the CO2 production model.pdf","10.1016/j.biosystemseng.2018.07.001","2","not_extracted","pending",""
"Kamp2019","Negligible influence of livestock contaminants and sampling system on ammonia measurements with cavity ring-down spectroscopy","2019","peer-reviewed instrument study","D:\Literature\Dairy housing\2019_Kamp_Negligible influence of livestock contaminants and sampling system on ammonia measurements with cavity ring-down spectroscopy.pdf","10.5194/amt-12-2837-2019","2","not_extracted","pending",""
"Rom2010","Time delay for aerial ammonia concentration measurements in livestock buildings","2010","peer-reviewed instrument study","D:\Literature\Dairy housing\2010_Rom_Time Delay for Aerial Ammonia Concentration Measurements in Livestock Buildings.pdf","10.3390/s100504634","2","not_extracted","pending",""
